vendedor;produto;valor;cidade;estado;forma_pagamento;quantidade;data_venda;categoria;desconto
João;Placa de Vídeo;1161.99;Curitiba;SP;Boleto;8;22/10/2025;Hardware;28.22
Carlos;Memória RAM;1625.47;São Paulo;SC;Pix;9;17/10/2025;Hardware;18.95
Pedro;Mouse Gamer;4405.43;São Paulo;PR;Cartão Crédito;4;07/03/2026;Hardware;25.7
Ricardo;Notebook;3620.54;Curitiba;SP;Boleto;5;20/11/2025;Hardware;9.0
Ricardo;Headset;1363.47;Porto Alegre;SC;Cartão Débito;10;19/04/2026;Hardware;24.32
Camila;Mouse Gamer;1546.99;Florianópolis;RS;Cartão Débito;9;18/08/2025;Gamer;3.63
Ricardo;Monitor 24;2867.93;Curitiba;PR;Cartão Crédito;4;12/09/2025;Hardware;4.58
Juliana;Fonte 650W;4101.1;Curitiba;SC;Pix;1;12/02/2026;Periféricos;20.9
Fernanda;SSD 1TB;4370.52;Joinville;PR;Cartão Débito;8;18/06/2025;Escritório;17.75
Bruno;Webcam;125.7;São Paulo;SP;Boleto;3;24/01/2026;Escritório;22.96
Camila;Memória RAM;975.49;Florianópolis;RS;Boleto;9;05/08/2025;Periféricos;20.21
Lucas;SSD 1TB;3442.01;Florianópolis;PR;Cartão Crédito;4;01/06/2025;Escritório;20.84
João;Memória RAM;3903.74;Porto Alegre;PR;Pix;7;30/07/2025;Periféricos;28.81
Bruno;Fonte 650W;523.31;Florianópolis;SP;Cartão Débito;4;27/05/2026;Hardware;12.0
Lucas;Headset;1658.86;Porto Alegre;RS;Pix;2;03/10/2025;Gamer;5.9
Ricardo;Cadeira Gamer;4268.33;São Paulo;SP;Boleto;4;15/01/2026;Escritório;15.03
Camila;Fonte 650W;481.47;Porto Alegre;RS;Cartão Crédito;9;05/10/2025;Periféricos;11.37
Bruno;Fonte 650W;652.82;Florianópolis;SC;Cartão Débito;9;18/09/2025;Hardware;13.72
João;SSD 1TB;1795.25;São Paulo;RS;Pix;3;17/06/2025;Escritório;1.68
Juliana;Cadeira Gamer;1469.66;Curitiba;PR;Pix;3;11/05/2026;Periféricos;26.74
Lucas;Notebook;4169.03;Joinville;PR;Boleto;2;19/12/2025;Gamer;6.17
Carlos;Headset;1576.76;Joinville;RS;Boleto;8;21/01/2026;Periféricos;16.5
Maria;SSD 1TB;3635.93;Joinville;RS;Cartão Débito;10;28/07/2025;Gamer;27.37
João;SSD 1TB;2129.69;Porto Alegre;SP;Cartão Débito;10;12/01/2026;Periféricos;17.76
Fernanda;Notebook;3112.38;Curitiba;RS;Cartão Débito;8;30/04/2026;Gamer;26.17
Lucas;Microfone;3527.42;Porto Alegre;SP;Cartão Crédito;5;11/08/2025;Escritório;26.53
Pedro;Mouse Gamer;1158.79;Porto Alegre;SP;Boleto;1;01/12/2025;Hardware;21.73
Fernanda;Fonte 650W;3632.24;Curitiba;PR;Pix;6;08/03/2026;Escritório;4.92
Ricardo;Webcam;405.36;Florianópolis;PR;Cartão Débito;3;14/06/2025;Gamer;27.48
Fernanda;Mouse Gamer;3507.51;Blumenau;SP;Pix;9;18/07/2025;Escritório;24.11
Camila;Mouse Gamer;3157.78;Curitiba;RS;Cartão Crédito;2;19/05/2026;Periféricos;21.4
Ricardo;Headset;2250.44;Curitiba;SP;Cartão Crédito;8;18/03/2026;Periféricos;10.88
Ricardo;Memória RAM;2336.66;Porto Alegre;PR;Cartão Crédito;6;27/12/2025;Escritório;25.66
Carlos;Webcam;2111.97;Joinville;RS;Cartão Débito;10;04/08/2025;Gamer;14.7
Carlos;Webcam;3762.5;Joinville;SP;Boleto;5;30/05/2025;Hardware;22.43
Carlos;Monitor 24;4526.43;Blumenau;RS;Cartão Débito;4;29/03/2026;Hardware;5.09
Juliana;Memória RAM;2736.51;Blumenau;RS;Pix;10;09/04/2026;Hardware;16.62
Ana;Monitor 24;4157.83;São Paulo;RS;Cartão Débito;10;17/02/2026;Gamer;26.65
Ana;Mouse Gamer;2374.72;Curitiba;SC;Boleto;6;12/04/2026;Escritório;8.19
Juliana;Headset;3328.3;Blumenau;SP;Cartão Crédito;3;24/02/2026;Escritório;20.19
Maria;Fonte 650W;4227.61;Curitiba;SC;Cartão Débito;4;13/08/2025;Periféricos;24.82
Patrícia;Mouse Gamer;1594.62;Florianópolis;PR;Pix;3;27/06/2025;Hardware;11.32
Carlos;Webcam;3864.75;Curitiba;SP;Pix;2;08/09/2025;Escritório;23.97
Patrícia;Cadeira Gamer;543.85;Curitiba;PR;Pix;6;02/01/2026;Periféricos;18.45
Juliana;Cadeira Gamer;3881.53;Joinville;PR;Pix;7;20/01/2026;Escritório;13.13
Pedro;Webcam;123.89;Joinville;PR;Pix;10;13/08/2025;Gamer;12.32
Lucas;Memória RAM;2882.3;Blumenau;SP;Cartão Débito;1;02/07/2025;Periféricos;27.56
Ricardo;Teclado Mecânico;4403.19;Curitiba;PR;Boleto;5;10/12/2025;Hardware;13.17
Lucas;Monitor 24;3653.32;Porto Alegre;SC;Cartão Crédito;9;29/03/2026;Escritório;20.41
Juliana;Memória RAM;1214.98;Joinville;SP;Cartão Débito;7;07/06/2025;Gamer;2.7
Juliana;SSD 1TB;2828.89;Curitiba;RS;Cartão Débito;2;24/06/2025;Gamer;28.32
Camila;Placa de Vídeo;1988.1;Curitiba;PR;Boleto;5;02/09/2025;Gamer;6.64
Juliana;Memória RAM;1835.0;Joinville;SP;Boleto;5;15/04/2026;Gamer;13.54
Maria;Notebook;3470.1;Curitiba;RS;Pix;1;08/06/2025;Gamer;12.94
Lucas;Microfone;878.38;Florianópolis;RS;Cartão Débito;6;24/03/2026;Hardware;16.68
Bruno;Notebook;2818.24;Curitiba;RS;Cartão Crédito;8;28/05/2026;Hardware;16.39
Lucas;Placa de Vídeo;3346.63;Blumenau;PR;Cartão Crédito;10;03/04/2026;Gamer;10.55
Patrícia;Memória RAM;4256.43;Florianópolis;SC;Boleto;1;10/04/2026;Escritório;0.42
Lucas;Notebook;3358.34;Florianópolis;PR;Boleto;1;15/10/2025;Escritório;11.59
Camila;Microfone;1427.41;Florianópolis;PR;Cartão Débito;10;14/07/2025;Periféricos;12.24
João;Teclado Mecânico;3212.05;Florianópolis;RS;Pix;8;15/11/2025;Escritório;25.7
Carlos;Headset;1094.72;Curitiba;SC;Cartão Crédito;1;17/05/2026;Escritório;21.03
João;Placa de Vídeo;4682.0;Joinville;SC;Cartão Crédito;2;05/06/2025;Gamer;22.85
Juliana;SSD 1TB;3179.87;Florianópolis;RS;Cartão Crédito;7;26/10/2025;Escritório;12.85
Bruno;Fonte 650W;878.51;Porto Alegre;SC;Boleto;4;14/11/2025;Periféricos;18.43
Pedro;Webcam;2793.15;Joinville;SP;Cartão Débito;2;24/10/2025;Hardware;15.78
Lucas;SSD 1TB;4535.97;Blumenau;RS;Cartão Crédito;4;04/12/2025;Gamer;10.84
Bruno;Headset;861.88;São Paulo;SP;Cartão Débito;9;27/04/2026;Hardware;8.16
Fernanda;Notebook;3761.64;Porto Alegre;PR;Cartão Crédito;4;28/10/2025;Escritório;6.93
Lucas;Notebook;3146.48;Curitiba;SC;Pix;2;26/10/2025;Escritório;25.23
Ricardo;Placa de Vídeo;2882.35;Curitiba;SP;Cartão Débito;7;07/09/2025;Periféricos;9.85
Ricardo;Fonte 650W;3506.81;Curitiba;SC;Cartão Débito;5;13/05/2026;Hardware;1.33
Lucas;Headset;2220.09;Porto Alegre;SP;Cartão Débito;2;25/04/2026;Periféricos;27.43
Juliana;Placa de Vídeo;3657.91;Blumenau;SC;Boleto;7;09/12/2025;Hardware;28.09
Fernanda;Microfone;2234.2;São Paulo;PR;Boleto;8;18/02/2026;Escritório;21.18
Bruno;Webcam;2093.0;Curitiba;SP;Cartão Débito;2;25/12/2025;Gamer;23.86
Juliana;Cadeira Gamer;2953.25;Curitiba;PR;Cartão Crédito;9;30/07/2025;Hardware;4.46
Lucas;Webcam;1487.11;Florianópolis;PR;Pix;1;19/01/2026;Escritório;22.72
Pedro;Teclado Mecânico;748.64;Joinville;SC;Boleto;7;27/08/2025;Escritório;2.61
Carlos;Notebook;4759.36;Blumenau;PR;Boleto;6;19/12/2025;Escritório;5.5
Ricardo;Placa de Vídeo;3311.07;Joinville;SC;Boleto;7;23/02/2026;Hardware;12.94
Carlos;Webcam;1034.22;Curitiba;RS;Boleto;3;03/05/2026;Escritório;20.5
Carlos;Webcam;4926.7;Curitiba;PR;Pix;3;05/11/2025;Hardware;9.35
Carlos;SSD 1TB;4850.21;São Paulo;SC;Cartão Crédito;7;27/07/2025;Periféricos;28.36
João;Fonte 650W;173.05;Joinville;RS;Boleto;1;28/03/2026;Escritório;9.35
Juliana;Memória RAM;4410.19;Blumenau;PR;Pix;1;14/10/2025;Gamer;11.46
Camila;Headset;3283.4;Joinville;SC;Pix;2;31/03/2026;Hardware;5.54
Carlos;Monitor 24;2001.7;São Paulo;RS;Cartão Crédito;4;01/04/2026;Gamer;16.19
Fernanda;Teclado Mecânico;3187.66;Porto Alegre;SP;Cartão Crédito;8;04/02/2026;Hardware;13.65
Lucas;Monitor 24;1526.33;Joinville;RS;Boleto;8;24/07/2025;Gamer;4.66
Ana;Placa de Vídeo;593.99;São Paulo;RS;Cartão Débito;5;01/03/2026;Periféricos;6.83
Maria;Mouse Gamer;814.23;Florianópolis;RS;Cartão Crédito;4;12/11/2025;Periféricos;14.61
Bruno;Mouse Gamer;3241.05;Porto Alegre;SC;Cartão Crédito;5;04/12/2025;Hardware;13.3
Fernanda;Notebook;1156.4;São Paulo;SP;Pix;2;04/09/2025;Periféricos;3.32
Camila;Mouse Gamer;1494.25;Joinville;SP;Pix;7;09/11/2025;Gamer;1.08
Ana;Memória RAM;2355.4;Florianópolis;SC;Boleto;5;13/09/2025;Periféricos;20.75
Pedro;Microfone;545.27;Florianópolis;PR;Pix;7;12/01/2026;Hardware;23.88
Patrícia;Headset;3604.88;Joinville;SP;Pix;2;22/03/2026;Escritório;14.65
Fernanda;Monitor 24;1690.4;Joinville;SC;Boleto;6;09/04/2026;Escritório;2.15
Carlos;Notebook;3485.15;Porto Alegre;SP;Cartão Crédito;10;30/12/2025;Escritório;22.34
Pedro;Webcam;4963.62;São Paulo;PR;Cartão Débito;3;05/12/2025;Periféricos;10.23
Ricardo;Monitor 24;1980.46;Blumenau;PR;Cartão Débito;6;19/11/2025;Hardware;2.72
João;Memória RAM;503.88;Joinville;PR;Boleto;1;05/08/2025;Hardware;16.19
Ricardo;Webcam;631.19;Florianópolis;PR;Boleto;8;05/08/2025;Gamer;17.97
Ricardo;Placa de Vídeo;3357.66;São Paulo;RS;Boleto;10;17/03/2026;Periféricos;2.68
Carlos;Notebook;3319.15;Curitiba;SC;Cartão Débito;3;29/07/2025;Hardware;11.49
Pedro;Cadeira Gamer;2703.81;Blumenau;PR;Boleto;6;31/07/2025;Gamer;7.21
Ana;Teclado Mecânico;3796.43;Florianópolis;PR;Boleto;6;30/03/2026;Hardware;6.07
Maria;Fonte 650W;3902.84;Blumenau;RS;Cartão Débito;4;06/12/2025;Gamer;26.76
Lucas;Notebook;4223.32;São Paulo;PR;Pix;6;14/11/2025;Hardware;23.83
Carlos;Teclado Mecânico;773.79;Joinville;PR;Pix;3;18/01/2026;Periféricos;6.9
Patrícia;Mouse Gamer;2278.91;Joinville;PR;Boleto;6;06/06/2025;Hardware;29.46
Lucas;Microfone;2003.37;Joinville;SC;Cartão Débito;4;01/06/2025;Escritório;19.29
Carlos;Cadeira Gamer;3450.79;Florianópolis;SP;Cartão Débito;10;27/06/2025;Periféricos;21.87
João;Placa de Vídeo;527.28;Curitiba;RS;Cartão Crédito;2;15/01/2026;Gamer;17.09
Ricardo;Headset;4234.51;Florianópolis;RS;Cartão Débito;9;27/11/2025;Periféricos;15.12
Carlos;Memória RAM;3246.11;Blumenau;PR;Cartão Débito;4;28/11/2025;Periféricos;22.91
Patrícia;Memória RAM;1187.95;São Paulo;PR;Boleto;9;19/07/2025;Periféricos;4.74
Juliana;Memória RAM;3067.18;São Paulo;PR;Boleto;3;10/09/2025;Escritório;11.32
Pedro;Microfone;3764.49;Curitiba;SC;Cartão Débito;1;27/01/2026;Hardware;26.0
Bruno;Cadeira Gamer;240.09;Curitiba;RS;Boleto;7;24/04/2026;Hardware;15.77
Ricardo;Fonte 650W;2946.62;São Paulo;SP;Cartão Débito;7;13/07/2025;Escritório;27.0
Carlos;Webcam;1042.44;Blumenau;RS;Cartão Débito;6;10/05/2026;Escritório;25.18
Carlos;Cadeira Gamer;859.88;Curitiba;RS;Boleto;3;20/08/2025;Escritório;8.22
Lucas;Notebook;2691.31;Porto Alegre;SC;Cartão Débito;4;10/09/2025;Hardware;2.61
Camila;Notebook;1806.51;Blumenau;SP;Pix;7;22/10/2025;Gamer;10.79
Camila;Memória RAM;3585.24;Blumenau;SC;Boleto;2;20/02/2026;Periféricos;12.09
Ana;Microfone;3519.67;Blumenau;PR;Cartão Débito;4;25/10/2025;Escritório;6.74
Maria;Microfone;3456.93;São Paulo;PR;Cartão Crédito;4;06/08/2025;Escritório;8.47
Ricardo;Microfone;3473.14;Joinville;SP;Boleto;2;04/01/2026;Hardware;19.51
Lucas;Microfone;2538.58;Curitiba;RS;Cartão Crédito;1;23/10/2025;Hardware;28.86
Ana;Placa de Vídeo;3336.43;Blumenau;PR;Cartão Crédito;9;29/09/2025;Hardware;6.03
João;Monitor 24;4836.35;São Paulo;SC;Cartão Débito;6;16/12/2025;Periféricos;15.99
Patrícia;Notebook;1012.03;Curitiba;PR;Boleto;6;25/12/2025;Periféricos;6.64
Juliana;Memória RAM;3908.62;Porto Alegre;SC;Cartão Débito;9;18/10/2025;Periféricos;12.1
Maria;Notebook;758.53;Blumenau;SC;Cartão Débito;7;08/02/2026;Hardware;21.28
João;Webcam;863.43;Porto Alegre;SP;Cartão Crédito;7;04/10/2025;Escritório;13.01
Carlos;Memória RAM;1441.65;Joinville;SC;Cartão Débito;3;31/08/2025;Gamer;14.15
Juliana;Memória RAM;2552.99;Curitiba;RS;Cartão Crédito;9;05/10/2025;Escritório;26.55
João;SSD 1TB;208.62;Porto Alegre;SC;Cartão Débito;5;23/11/2025;Hardware;3.4
Ricardo;Teclado Mecânico;4330.54;São Paulo;RS;Cartão Crédito;2;19/01/2026;Gamer;1.81
Patrícia;Memória RAM;1728.34;São Paulo;SP;Cartão Débito;5;05/04/2026;Periféricos;10.64
Pedro;Webcam;1248.09;Florianópolis;RS;Cartão Débito;3;28/10/2025;Escritório;11.58
Ana;Cadeira Gamer;3330.9;São Paulo;RS;Cartão Crédito;2;05/09/2025;Escritório;14.83
Patrícia;Fonte 650W;1413.73;Curitiba;SP;Boleto;1;24/10/2025;Hardware;24.44
Juliana;Headset;1244.8;São Paulo;SP;Pix;9;02/05/2026;Escritório;23.01
Carlos;Placa de Vídeo;1779.78;São Paulo;SC;Pix;1;15/10/2025;Hardware;13.24
João;Monitor 24;4359.45;Blumenau;PR;Boleto;6;15/11/2025;Periféricos;1.32
Patrícia;SSD 1TB;782.53;Curitiba;SP;Cartão Crédito;9;23/09/2025;Escritório;7.27
Ana;Headset;4107.26;Florianópolis;SC;Boleto;9;25/11/2025;Hardware;15.42
Ana;SSD 1TB;2107.24;Curitiba;PR;Cartão Débito;8;14/02/2026;Gamer;23.95
Patrícia;Microfone;4190.25;Blumenau;SP;Boleto;1;24/10/2025;Periféricos;25.09
Pedro;SSD 1TB;2066.72;Joinville;SP;Boleto;9;06/06/2025;Periféricos;2.96
Fernanda;Monitor 24;3666.35;São Paulo;SC;Cartão Crédito;5;04/04/2026;Gamer;18.16
Maria;Fonte 650W;1520.23;Joinville;PR;Cartão Crédito;8;10/06/2025;Gamer;9.04
Fernanda;Cadeira Gamer;982.0;Joinville;SC;Boleto;1;25/07/2025;Escritório;6.1
Ricardo;Microfone;1585.33;Joinville;PR;Cartão Débito;3;02/06/2025;Periféricos;20.81
Lucas;Mouse Gamer;4223.68;São Paulo;RS;Cartão Crédito;7;11/07/2025;Gamer;25.72
Carlos;Microfone;979.88;São Paulo;RS;Cartão Crédito;7;12/04/2026;Escritório;0.55
Fernanda;Teclado Mecânico;4427.09;Florianópolis;PR;Cartão Débito;7;31/01/2026;Hardware;1.0
Ana;Monitor 24;3532.91;São Paulo;SP;Cartão Crédito;7;04/04/2026;Gamer;11.67
Patrícia;Placa de Vídeo;4897.46;Blumenau;PR;Cartão Débito;9;24/03/2026;Escritório;11.68
Ana;Monitor 24;4381.36;Joinville;SC;Pix;4;30/03/2026;Hardware;21.83
Ricardo;Mouse Gamer;3442.96;Florianópolis;RS;Cartão Débito;9;23/02/2026;Hardware;27.31
Ricardo;Monitor 24;3672.39;São Paulo;PR;Cartão Débito;3;18/03/2026;Gamer;11.37
João;Headset;4109.84;Curitiba;SC;Boleto;5;14/02/2026;Hardware;28.27
Ana;Placa de Vídeo;133.24;Florianópolis;RS;Boleto;5;02/04/2026;Hardware;10.85
Carlos;Monitor 24;701.59;Porto Alegre;SC;Cartão Débito;6;06/11/2025;Periféricos;25.92
Camila;Headset;305.93;São Paulo;SP;Boleto;1;17/01/2026;Periféricos;13.57
Ricardo;Headset;3706.87;Joinville;PR;Pix;5;21/11/2025;Gamer;2.63
Ricardo;Mouse Gamer;1614.27;Curitiba;PR;Pix;5;12/11/2025;Gamer;26.52
Patrícia;Cadeira Gamer;1318.83;São Paulo;SP;Boleto;8;10/07/2025;Escritório;16.56
Ana;Placa de Vídeo;1697.32;Florianópolis;SC;Pix;4;26/02/2026;Escritório;0.48
Lucas;Headset;3549.1;Joinville;PR;Cartão Débito;4;16/08/2025;Gamer;19.97
João;Mouse Gamer;4622.99;Blumenau;SP;Pix;10;05/01/2026;Gamer;27.83
Patrícia;Notebook;1911.1;Blumenau;SC;Boleto;8;02/01/2026;Periféricos;0.7
João;Memória RAM;3178.23;São Paulo;PR;Pix;1;16/10/2025;Gamer;2.37
Ana;Headset;4963.89;Blumenau;RS;Cartão Crédito;7;01/11/2025;Hardware;27.7
Camila;Cadeira Gamer;3360.04;Curitiba;RS;Cartão Crédito;3;04/04/2026;Hardware;2.23
Juliana;Fonte 650W;3123.8;Blumenau;SC;Cartão Crédito;5;19/06/2025;Hardware;27.97
Juliana;SSD 1TB;2554.41;Blumenau;RS;Cartão Débito;3;15/06/2025;Escritório;9.85
Bruno;Headset;4108.28;São Paulo;PR;Cartão Crédito;4;14/03/2026;Gamer;2.8
Fernanda;Fonte 650W;3722.92;Joinville;PR;Boleto;2;26/06/2025;Gamer;26.14
Juliana;SSD 1TB;2757.9;São Paulo;SP;Cartão Crédito;7;13/10/2025;Periféricos;19.62
Ana;Webcam;515.97;Florianópolis;SP;Cartão Crédito;9;21/05/2026;Hardware;3.5
Patrícia;Mouse Gamer;3740.89;Florianópolis;SP;Cartão Débito;6;11/02/2026;Escritório;29.14
João;Mouse Gamer;2276.11;Florianópolis;SP;Cartão Débito;7;26/07/2025;Gamer;17.2
Patrícia;Webcam;509.66;Curitiba;PR;Cartão Crédito;4;14/08/2025;Periféricos;22.44
Camila;Cadeira Gamer;4475.41;Porto Alegre;SC;Pix;8;18/05/2026;Gamer;12.71
Bruno;SSD 1TB;2147.67;Porto Alegre;PR;Pix;7;12/01/2026;Escritório;25.21
Fernanda;Notebook;1822.14;Curitiba;RS;Cartão Débito;9;02/02/2026;Escritório;20.32
Carlos;Microfone;3984.39;Florianópolis;PR;Boleto;10;04/07/2025;Hardware;27.9
Ana;Mouse Gamer;2620.3;Blumenau;PR;Pix;2;01/03/2026;Hardware;28.29
João;Mouse Gamer;892.65;São Paulo;SC;Boleto;2;20/09/2025;Hardware;3.68
João;Monitor 24;2497.77;Blumenau;SC;Boleto;5;05/07/2025;Hardware;0.33
Fernanda;Microfone;3379.91;Curitiba;PR;Cartão Crédito;4;10/12/2025;Escritório;17.46
Ricardo;Cadeira Gamer;1261.09;Florianópolis;PR;Pix;3;28/05/2025;Gamer;17.15
João;SSD 1TB;2619.35;Curitiba;SP;Pix;3;19/09/2025;Escritório;23.52
João;Cadeira Gamer;1582.68;Blumenau;PR;Cartão Débito;6;16/01/2026;Escritório;28.65
Bruno;Teclado Mecânico;3221.85;Joinville;SC;Boleto;7;14/11/2025;Hardware;28.96
Patrícia;Memória RAM;745.44;Porto Alegre;RS;Cartão Crédito;3;13/02/2026;Hardware;18.94
Lucas;Headset;1955.64;Blumenau;RS;Boleto;8;06/02/2026;Gamer;20.3
Ana;Monitor 24;4624.27;Blumenau;RS;Cartão Crédito;9;15/06/2025;Gamer;13.11
Pedro;Memória RAM;4047.51;Curitiba;RS;Pix;1;03/10/2025;Periféricos;16.69
Lucas;Monitor 24;4310.61;Florianópolis;SC;Cartão Débito;2;09/01/2026;Escritório;19.11
Camila;Teclado Mecânico;3811.32;Curitiba;RS;Pix;10;11/12/2025;Periféricos;8.94
Carlos;Notebook;2936.34;Porto Alegre;PR;Pix;3;10/08/2025;Hardware;16.05
João;Teclado Mecânico;4438.03;Porto Alegre;SC;Cartão Crédito;4;16/02/2026;Escritório;6.31
Bruno;Webcam;1458.68;Florianópolis;SP;Pix;9;15/01/2026;Periféricos;8.49
Fernanda;Notebook;2224.85;Porto Alegre;SP;Pix;4;05/12/2025;Hardware;8.6
Lucas;Webcam;2843.4;Florianópolis;SC;Boleto;3;07/06/2025;Gamer;21.0
João;Headset;1841.48;Blumenau;PR;Boleto;10;22/08/2025;Hardware;16.53
Maria;SSD 1TB;2068.14;Porto Alegre;SP;Cartão Débito;4;13/05/2026;Periféricos;23.86
Carlos;Cadeira Gamer;3792.84;Joinville;SP;Cartão Débito;10;25/04/2026;Periféricos;25.03
Carlos;Headset;1333.31;Porto Alegre;SC;Cartão Débito;3;24/07/2025;Escritório;3.53
Maria;SSD 1TB;1757.55;Porto Alegre;SC;Cartão Crédito;8;01/07/2025;Hardware;26.56
Lucas;Microfone;368.89;Florianópolis;SC;Pix;6;06/04/2026;Hardware;6.92
Ana;Fonte 650W;1986.24;Blumenau;SC;Pix;7;15/07/2025;Gamer;15.85
Fernanda;Notebook;4521.52;Blumenau;PR;Cartão Crédito;1;21/11/2025;Periféricos;19.25
Ricardo;Teclado Mecânico;878.63;Joinville;RS;Pix;2;28/07/2025;Hardware;18.98
João;Webcam;2841.02;São Paulo;PR;Cartão Débito;6;18/01/2026;Escritório;23.27
Bruno;Fonte 650W;4890.64;Porto Alegre;SC;Boleto;4;11/06/2025;Hardware;5.57
Lucas;Webcam;620.47;Curitiba;RS;Boleto;6;16/05/2026;Hardware;25.9
Juliana;Fonte 650W;4363.51;Florianópolis;PR;Boleto;5;07/05/2026;Gamer;5.97
Patrícia;Webcam;2105.32;Florianópolis;SP;Pix;7;19/10/2025;Periféricos;5.53
João;Notebook;1659.6;Florianópolis;RS;Cartão Crédito;6;16/12/2025;Hardware;2.61
Fernanda;Mouse Gamer;2354.24;Joinville;RS;Pix;3;16/12/2025;Periféricos;1.92
Juliana;Monitor 24;2470.53;Joinville;PR;Cartão Débito;9;13/09/2025;Periféricos;25.9
Patrícia;Headset;2173.92;Joinville;PR;Pix;9;28/03/2026;Escritório;0.29
João;Monitor 24;4095.11;Porto Alegre;RS;Pix;1;23/12/2025;Escritório;22.96
Ricardo;Microfone;4613.55;Curitiba;RS;Boleto;10;22/07/2025;Hardware;18.24
Juliana;Webcam;1208.1;Porto Alegre;PR;Boleto;9;02/02/2026;Escritório;12.71
Fernanda;Cadeira Gamer;4792.64;Florianópolis;SC;Cartão Débito;6;28/05/2026;Escritório;7.66
Ana;Placa de Vídeo;2417.22;São Paulo;SC;Boleto;9;18/09/2025;Gamer;7.16
Lucas;SSD 1TB;4221.15;Florianópolis;RS;Pix;7;24/11/2025;Escritório;19.51
Juliana;Cadeira Gamer;1864.13;Florianópolis;PR;Cartão Débito;9;24/07/2025;Escritório;29.86
Ana;Mouse Gamer;4907.84;Porto Alegre;RS;Pix;4;18/01/2026;Periféricos;5.93
Bruno;Memória RAM;297.61;Florianópolis;SP;Cartão Débito;5;18/07/2025;Gamer;26.07
Juliana;Webcam;727.59;São Paulo;RS;Boleto;6;15/09/2025;Escritório;11.97
Camila;Notebook;3889.58;Blumenau;SC;Boleto;10;31/01/2026;Escritório;17.46
Camila;Monitor 24;1348.32;Curitiba;SP;Pix;5;28/09/2025;Periféricos;17.96
Ricardo;Teclado Mecânico;800.41;Porto Alegre;RS;Pix;6;02/04/2026;Periféricos;8.2
Fernanda;Cadeira Gamer;4959.87;Curitiba;SP;Boleto;10;01/08/2025;Escritório;5.05
João;Webcam;293.21;Joinville;PR;Boleto;7;30/04/2026;Escritório;15.18
Ana;Monitor 24;1745.78;Joinville;RS;Boleto;4;14/04/2026;Gamer;6.75
Ricardo;Memória RAM;3595.03;Curitiba;SP;Cartão Débito;3;01/04/2026;Escritório;19.45
João;Cadeira Gamer;4880.22;Curitiba;SC;Cartão Crédito;8;28/01/2026;Escritório;8.72
Fernanda;Headset;1562.88;Florianópolis;SP;Boleto;1;15/09/2025;Escritório;6.67
Pedro;Teclado Mecânico;1239.88;Porto Alegre;SC;Cartão Débito;2;23/01/2026;Gamer;14.26
João;Microfone;3126.91;Blumenau;RS;Cartão Crédito;8;29/11/2025;Gamer;28.27
Juliana;Fonte 650W;664.66;Porto Alegre;SC;Cartão Crédito;9;12/05/2026;Escritório;14.0
Ana;Teclado Mecânico;817.18;Joinville;RS;Pix;5;04/10/2025;Gamer;7.85
Juliana;Microfone;4671.33;Porto Alegre;PR;Pix;4;08/05/2026;Periféricos;29.49
Maria;Mouse Gamer;4259.68;Florianópolis;RS;Pix;6;25/12/2025;Periféricos;22.34
Patrícia;Webcam;3041.27;Curitiba;SP;Boleto;8;11/06/2025;Escritório;13.17
Fernanda;Fonte 650W;2326.01;Florianópolis;PR;Cartão Débito;8;27/08/2025;Periféricos;1.42
Ricardo;Microfone;3365.62;Blumenau;PR;Boleto;1;17/03/2026;Gamer;1.18
João;Notebook;1009.38;Curitiba;PR;Cartão Débito;7;20/01/2026;Periféricos;28.9
Camila;SSD 1TB;4398.22;Curitiba;RS;Cartão Crédito;9;06/10/2025;Hardware;18.15
Fernanda;Mouse Gamer;389.89;Joinville;RS;Cartão Crédito;5;19/04/2026;Periféricos;16.84
Fernanda;Memória RAM;3574.43;Florianópolis;RS;Boleto;5;16/06/2025;Gamer;28.63
Maria;Placa de Vídeo;2475.52;Porto Alegre;SC;Pix;6;20/09/2025;Escritório;0.58
Maria;Placa de Vídeo;1502.17;Joinville;RS;Boleto;1;09/10/2025;Periféricos;4.28
Ana;Microfone;340.48;Curitiba;RS;Pix;9;21/11/2025;Gamer;28.77
Maria;Placa de Vídeo;628.59;Blumenau;RS;Cartão Crédito;2;06/05/2026;Periféricos;25.04
Bruno;Teclado Mecânico;817.27;Curitiba;PR;Cartão Crédito;2;20/10/2025;Escritório;7.63
Camila;Notebook;3545.4;Joinville;SP;Pix;3;21/11/2025;Escritório;29.76
Juliana;Memória RAM;335.12;Porto Alegre;PR;Cartão Débito;4;22/03/2026;Gamer;6.81
Camila;Fonte 650W;4963.1;São Paulo;PR;Boleto;10;19/03/2026;Escritório;7.3
Ana;Memória RAM;3395.16;Curitiba;SP;Pix;10;29/06/2025;Escritório;29.58
Juliana;Memória RAM;831.75;São Paulo;SC;Pix;5;29/01/2026;Periféricos;20.99
Bruno;Cadeira Gamer;1344.71;Porto Alegre;SC;Boleto;7;09/04/2026;Periféricos;13.38
Ricardo;Teclado Mecânico;3056.86;Joinville;RS;Cartão Débito;3;24/10/2025;Escritório;29.15
Lucas;Memória RAM;2804.26;Curitiba;RS;Cartão Débito;6;02/04/2026;Escritório;20.05
Lucas;SSD 1TB;235.18;Curitiba;SC;Pix;1;05/01/2026;Gamer;8.75
Bruno;Placa de Vídeo;1495.56;Joinville;SC;Cartão Crédito;8;16/02/2026;Hardware;17.96
Lucas;Teclado Mecânico;4909.05;Curitiba;SC;Cartão Crédito;4;11/04/2026;Periféricos;16.18
Lucas;Teclado Mecânico;4554.23;Blumenau;RS;Cartão Crédito;4;24/03/2026;Escritório;9.78
Camila;Microfone;2277.46;Curitiba;SP;Cartão Débito;6;18/12/2025;Periféricos;29.45
Camila;Cadeira Gamer;2830.14;Blumenau;RS;Boleto;1;01/12/2025;Periféricos;3.47
Juliana;Cadeira Gamer;854.0;Porto Alegre;SC;Cartão Débito;1;13/01/2026;Gamer;11.34
Lucas;Fonte 650W;740.45;Curitiba;SC;Cartão Débito;5;17/07/2025;Hardware;6.42
Fernanda;Cadeira Gamer;4328.8;Curitiba;RS;Cartão Débito;3;31/01/2026;Hardware;17.26
Carlos;Webcam;4155.57;Joinville;RS;Cartão Débito;8;27/02/2026;Periféricos;27.03
Camila;SSD 1TB;1318.34;Joinville;SC;Boleto;5;08/06/2025;Periféricos;25.3
Pedro;Microfone;2131.09;Blumenau;RS;Boleto;8;25/04/2026;Escritório;15.43
Maria;Monitor 24;2067.49;Florianópolis;RS;Cartão Crédito;5;03/07/2025;Escritório;15.95
Maria;Fonte 650W;3842.76;Curitiba;PR;Pix;4;05/02/2026;Periféricos;25.0
João;Notebook;2019.6;Joinville;RS;Cartão Crédito;5;03/05/2026;Hardware;8.93
Ricardo;Webcam;4290.75;Joinville;PR;Boleto;7;02/11/2025;Gamer;14.4
Lucas;Memória RAM;1190.66;Blumenau;PR;Pix;8;19/12/2025;Escritório;4.92
João;Headset;2185.39;Porto Alegre;SC;Cartão Crédito;5;04/02/2026;Escritório;10.16
Bruno;Fonte 650W;642.55;Joinville;SP;Pix;2;09/05/2026;Hardware;3.1
Carlos;Monitor 24;4244.58;Porto Alegre;SC;Cartão Crédito;8;29/12/2025;Escritório;0.95
Pedro;Mouse Gamer;1659.03;São Paulo;SC;Cartão Débito;9;21/08/2025;Escritório;21.36
Camila;SSD 1TB;4661.98;Florianópolis;SC;Boleto;8;21/11/2025;Hardware;0.84
Carlos;Notebook;2164.97;Porto Alegre;PR;Cartão Crédito;8;25/09/2025;Gamer;2.31
Maria;Cadeira Gamer;2930.87;Blumenau;SC;Cartão Crédito;6;21/11/2025;Periféricos;9.4
João;Placa de Vídeo;3677.55;Porto Alegre;SP;Boleto;6;15/11/2025;Gamer;9.95
Fernanda;Notebook;1515.35;Porto Alegre;SP;Cartão Débito;2;12/03/2026;Escritório;26.77
Lucas;Placa de Vídeo;490.33;São Paulo;SP;Cartão Débito;1;19/12/2025;Escritório;25.51
Juliana;Cadeira Gamer;3255.64;Florianópolis;RS;Pix;6;14/06/2025;Escritório;24.71
Carlos;Webcam;563.37;Joinville;SP;Pix;6;12/09/2025;Hardware;29.39
Bruno;Fonte 650W;4855.7;Joinville;PR;Boleto;4;08/09/2025;Gamer;17.04
Ricardo;Headset;3038.7;São Paulo;SP;Boleto;3;12/02/2026;Escritório;5.71
João;Notebook;233.17;São Paulo;RS;Boleto;4;28/02/2026;Hardware;21.23
Maria;Mouse Gamer;4184.22;Porto Alegre;PR;Cartão Crédito;6;15/06/2025;Gamer;3.03
Patrícia;Cadeira Gamer;3942.94;Blumenau;RS;Pix;9;15/03/2026;Escritório;8.32
Camila;Fonte 650W;463.06;Joinville;PR;Boleto;1;19/08/2025;Escritório;5.48
João;Headset;1514.14;Florianópolis;PR;Boleto;1;10/12/2025;Gamer;2.66
Lucas;Webcam;557.81;Joinville;RS;Cartão Débito;2;11/08/2025;Gamer;4.0
Bruno;Memória RAM;3703.13;Curitiba;PR;Cartão Crédito;4;15/11/2025;Escritório;12.42
Carlos;Placa de Vídeo;1020.54;Curitiba;PR;Pix;8;01/01/2026;Gamer;12.29
Bruno;Teclado Mecânico;4522.61;Florianópolis;SP;Boleto;3;18/03/2026;Periféricos;25.56
Ricardo;Teclado Mecânico;1593.38;Florianópolis;RS;Cartão Crédito;2;15/03/2026;Gamer;29.5
João;Headset;4265.36;Porto Alegre;RS;Cartão Débito;7;06/07/2025;Hardware;12.48
Ana;Memória RAM;2999.99;Blumenau;SC;Boleto;7;26/06/2025;Escritório;19.7
Juliana;Cadeira Gamer;2156.51;São Paulo;SC;Cartão Crédito;2;28/05/2026;Periféricos;27.77
Maria;Teclado Mecânico;2663.57;Blumenau;SP;Cartão Crédito;7;28/11/2025;Hardware;1.6
Ana;Cadeira Gamer;4657.3;Florianópolis;SP;Boleto;9;25/12/2025;Hardware;5.36
Ana;Microfone;1515.09;Curitiba;PR;Boleto;6;09/09/2025;Escritório;20.29
Patrícia;Notebook;4633.42;Porto Alegre;PR;Cartão Crédito;6;23/11/2025;Gamer;27.88
Pedro;Teclado Mecânico;4334.28;Porto Alegre;SC;Boleto;4;30/04/2026;Hardware;27.06
Lucas;Placa de Vídeo;4355.12;São Paulo;PR;Boleto;4;27/08/2025;Gamer;10.02
Bruno;Webcam;832.62;São Paulo;RS;Boleto;3;02/03/2026;Escritório;17.25
Carlos;Cadeira Gamer;2452.09;Porto Alegre;SC;Cartão Crédito;9;21/04/2026;Gamer;7.72
Ricardo;Teclado Mecânico;778.95;Florianópolis;RS;Cartão Débito;8;31/07/2025;Hardware;3.03
Juliana;Webcam;2785.34;Joinville;RS;Boleto;5;28/01/2026;Escritório;20.63
Bruno;Monitor 24;1601.23;Porto Alegre;SP;Boleto;3;19/09/2025;Hardware;20.02
Ana;Headset;1903.97;Florianópolis;SP;Cartão Débito;6;20/08/2025;Gamer;17.68
João;SSD 1TB;3931.36;Florianópolis;SC;Cartão Débito;9;31/12/2025;Periféricos;25.26
Bruno;Cadeira Gamer;3677.15;Florianópolis;RS;Cartão Crédito;2;09/06/2025;Gamer;20.09
Carlos;Monitor 24;2388.86;Joinville;SP;Boleto;8;23/12/2025;Escritório;0.47
João;Cadeira Gamer;4671.11;Florianópolis;SP;Cartão Crédito;2;24/11/2025;Escritório;16.15
Pedro;SSD 1TB;2402.23;Joinville;SP;Boleto;2;29/11/2025;Hardware;10.1
Ana;Monitor 24;3443.38;São Paulo;SP;Pix;7;30/10/2025;Hardware;9.33
Ricardo;Notebook;3356.8;Florianópolis;SC;Boleto;5;24/04/2026;Periféricos;24.15
Bruno;Notebook;2902.9;Joinville;SC;Pix;5;22/11/2025;Gamer;4.52
Maria;Monitor 24;4776.97;Blumenau;SC;Cartão Crédito;6;19/09/2025;Periféricos;7.05
Camila;Teclado Mecânico;4508.07;Curitiba;SP;Cartão Crédito;2;16/11/2025;Periféricos;14.46
Ana;Headset;4139.13;Curitiba;PR;Cartão Crédito;10;10/10/2025;Escritório;19.24
Fernanda;Mouse Gamer;3892.04;Curitiba;RS;Cartão Débito;10;07/11/2025;Escritório;4.32
Bruno;Monitor 24;2087.22;Florianópolis;RS;Cartão Crédito;3;27/11/2025;Hardware;25.44
João;Memória RAM;2468.26;Porto Alegre;PR;Cartão Crédito;7;22/04/2026;Periféricos;23.67
Maria;SSD 1TB;2876.59;Porto Alegre;SC;Cartão Crédito;1;20/01/2026;Gamer;19.05
Carlos;Teclado Mecânico;489.93;Joinville;SP;Cartão Crédito;2;13/11/2025;Periféricos;10.02
João;Notebook;3148.41;Curitiba;SP;Pix;9;15/12/2025;Hardware;27.91
Ricardo;Headset;3218.31;São Paulo;SC;Boleto;9;07/11/2025;Hardware;24.11
João;Teclado Mecânico;4937.5;Florianópolis;SP;Cartão Débito;4;03/12/2025;Escritório;4.89
Ricardo;Placa de Vídeo;4712.64;Curitiba;PR;Pix;10;15/11/2025;Gamer;26.27
Patrícia;Placa de Vídeo;2575.8;São Paulo;SC;Cartão Débito;3;23/03/2026;Gamer;19.9
Ricardo;Mouse Gamer;2315.37;São Paulo;SC;Boleto;5;11/10/2025;Hardware;15.17
João;Placa de Vídeo;2524.51;São Paulo;RS;Pix;8;25/05/2026;Gamer;25.22
Maria;Headset;2790.0;São Paulo;SP;Cartão Crédito;2;16/07/2025;Escritório;9.83
Juliana;Memória RAM;969.22;Curitiba;PR;Boleto;3;23/04/2026;Escritório;27.23
Lucas;Notebook;893.63;São Paulo;PR;Cartão Crédito;7;12/10/2025;Gamer;21.15
Juliana;Microfone;4794.02;Blumenau;PR;Cartão Débito;3;10/08/2025;Periféricos;29.27
Pedro;Notebook;252.43;Curitiba;SC;Cartão Crédito;2;13/03/2026;Periféricos;5.08
Ricardo;SSD 1TB;4535.06;Florianópolis;RS;Boleto;4;02/06/2025;Periféricos;4.44
Fernanda;Cadeira Gamer;497.63;Curitiba;RS;Cartão Débito;5;12/10/2025;Periféricos;7.31
Bruno;Webcam;2837.65;Florianópolis;SP;Pix;9;25/10/2025;Hardware;9.93
Lucas;Fonte 650W;2419.49;Curitiba;PR;Boleto;9;28/04/2026;Hardware;2.58
Maria;Cadeira Gamer;1853.71;Joinville;SC;Cartão Crédito;10;03/04/2026;Gamer;9.92
Fernanda;Webcam;2988.81;Curitiba;SC;Cartão Crédito;9;04/12/2025;Periféricos;10.61
Lucas;Notebook;2149.53;Curitiba;SP;Cartão Crédito;5;18/03/2026;Periféricos;12.87
Fernanda;Placa de Vídeo;1033.41;Joinville;SP;Boleto;4;14/11/2025;Escritório;18.97
Maria;Microfone;4207.36;São Paulo;SC;Pix;10;14/03/2026;Gamer;1.48
Ana;Webcam;696.98;Porto Alegre;PR;Cartão Débito;5;20/10/2025;Gamer;8.46
Maria;Microfone;2244.76;Curitiba;RS;Boleto;6;15/03/2026;Hardware;11.83
Camila;Notebook;1956.63;Curitiba;RS;Cartão Crédito;1;27/04/2026;Periféricos;20.97
Patrícia;Webcam;843.14;Porto Alegre;PR;Boleto;8;13/12/2025;Periféricos;0.44
Maria;Teclado Mecânico;1585.12;Blumenau;SP;Cartão Débito;9;02/04/2026;Escritório;27.01
Lucas;Teclado Mecânico;2948.93;São Paulo;PR;Cartão Débito;5;30/09/2025;Gamer;6.16
Ana;Monitor 24;1679.03;Blumenau;SP;Boleto;1;01/10/2025;Hardware;24.56
Bruno;Fonte 650W;1499.68;Joinville;PR;Cartão Débito;10;03/08/2025;Gamer;10.11
Juliana;Microfone;2949.95;Porto Alegre;SC;Cartão Crédito;4;19/11/2025;Escritório;19.01
Bruno;Placa de Vídeo;2555.13;Porto Alegre;SP;Boleto;6;04/09/2025;Escritório;10.52
Carlos;Notebook;4382.31;Florianópolis;RS;Cartão Débito;4;08/03/2026;Gamer;24.24
Pedro;Webcam;896.03;São Paulo;SC;Boleto;3;22/03/2026;Escritório;21.06
Fernanda;Teclado Mecânico;1022.48;São Paulo;SC;Pix;4;31/01/2026;Escritório;8.0
Ricardo;Fonte 650W;4710.19;São Paulo;PR;Cartão Débito;7;08/04/2026;Gamer;21.95
Pedro;Fonte 650W;754.52;Florianópolis;RS;Pix;3;11/01/2026;Escritório;3.83
Juliana;SSD 1TB;4365.69;São Paulo;SP;Cartão Crédito;7;25/11/2025;Periféricos;14.3
Lucas;Placa de Vídeo;4113.26;Joinville;PR;Cartão Débito;2;02/10/2025;Escritório;22.78
Carlos;Monitor 24;1923.17;Joinville;SC;Boleto;4;03/07/2025;Escritório;6.41
Juliana;Placa de Vídeo;1936.72;São Paulo;PR;Boleto;9;09/04/2026;Escritório;4.92
Carlos;Teclado Mecânico;1738.06;Curitiba;RS;Cartão Débito;8;06/07/2025;Periféricos;19.8
João;Monitor 24;2033.65;Porto Alegre;SC;Cartão Débito;4;12/11/2025;Gamer;27.32
Bruno;Placa de Vídeo;1485.81;Curitiba;RS;Boleto;3;25/04/2026;Periféricos;9.67
Pedro;Monitor 24;3771.41;Blumenau;SP;Cartão Débito;1;11/10/2025;Gamer;7.2
Ricardo;Monitor 24;1115.08;Blumenau;SP;Boleto;7;31/07/2025;Hardware;29.79
Carlos;Headset;638.77;São Paulo;SP;Cartão Débito;6;21/03/2026;Escritório;5.33
Carlos;Webcam;243.16;Blumenau;PR;Cartão Débito;6;18/01/2026;Gamer;22.99
Ricardo;Microfone;4866.32;Blumenau;SC;Boleto;3;03/09/2025;Periféricos;13.55
Lucas;SSD 1TB;3778.79;Blumenau;RS;Pix;6;24/03/2026;Periféricos;9.49
Bruno;Teclado Mecânico;3695.05;Florianópolis;RS;Pix;4;01/10/2025;Escritório;8.35
Juliana;Mouse Gamer;2920.23;Curitiba;PR;Cartão Débito;6;28/08/2025;Periféricos;3.72
Carlos;Placa de Vídeo;3561.38;Joinville;SP;Boleto;8;16/05/2026;Periféricos;27.08
Ricardo;Cadeira Gamer;1874.46;Blumenau;PR;Cartão Débito;5;28/07/2025;Hardware;23.62
Pedro;Mouse Gamer;3724.46;Joinville;SC;Cartão Crédito;7;20/05/2026;Escritório;15.38
Ana;Notebook;4900.29;Curitiba;SC;Pix;9;19/08/2025;Hardware;28.72
Maria;Microfone;394.78;Florianópolis;PR;Boleto;7;28/06/2025;Gamer;23.13
Carlos;Notebook;263.2;Joinville;SP;Cartão Débito;2;18/07/2025;Gamer;10.65
Ana;Fonte 650W;3013.61;Blumenau;SP;Cartão Crédito;8;07/09/2025;Hardware;29.63
Carlos;Cadeira Gamer;1670.78;Florianópolis;PR;Boleto;1;21/04/2026;Gamer;10.18
Juliana;Memória RAM;3330.19;Blumenau;RS;Cartão Débito;7;28/01/2026;Gamer;5.67
Fernanda;SSD 1TB;4511.41;Porto Alegre;SP;Cartão Débito;10;30/09/2025;Periféricos;27.42
Bruno;Headset;1372.39;Joinville;SC;Boleto;5;20/05/2026;Periféricos;26.43
Patrícia;Mouse Gamer;4413.36;Florianópolis;SC;Cartão Crédito;6;30/05/2025;Periféricos;28.88
Lucas;Monitor 24;1764.48;Joinville;SP;Boleto;1;12/02/2026;Hardware;5.44
João;Fonte 650W;3050.34;Joinville;PR;Cartão Crédito;10;28/11/2025;Escritório;28.49
Maria;Memória RAM;3825.52;Joinville;RS;Cartão Débito;7;06/12/2025;Escritório;25.46
Bruno;Memória RAM;1784.63;Joinville;RS;Cartão Débito;2;28/07/2025;Gamer;6.05
Ana;Monitor 24;3717.62;Florianópolis;PR;Cartão Débito;1;22/09/2025;Escritório;14.47
Ricardo;SSD 1TB;4940.32;Blumenau;SC;Boleto;1;27/03/2026;Hardware;8.11
Fernanda;Cadeira Gamer;2588.72;Porto Alegre;SP;Boleto;6;09/03/2026;Escritório;16.98
Juliana;Notebook;3402.92;Curitiba;RS;Cartão Débito;8;22/06/2025;Escritório;22.6
Juliana;Mouse Gamer;4998.39;Blumenau;RS;Cartão Crédito;5;01/07/2025;Hardware;27.85
Juliana;Teclado Mecânico;4671.85;Blumenau;RS;Cartão Crédito;10;14/01/2026;Gamer;8.57
Ricardo;Fonte 650W;2701.64;Porto Alegre;PR;Cartão Débito;3;19/08/2025;Hardware;25.41
João;Cadeira Gamer;592.75;São Paulo;RS;Pix;5;21/12/2025;Escritório;11.86
Patrícia;Notebook;2502.87;Florianópolis;SP;Cartão Crédito;5;21/12/2025;Escritório;2.62
Ana;Mouse Gamer;1613.46;São Paulo;SC;Pix;5;17/05/2026;Escritório;20.09
Fernanda;Teclado Mecânico;1767.25;Porto Alegre;SP;Boleto;7;24/05/2026;Escritório;15.47
Patrícia;Headset;1318.41;São Paulo;SP;Pix;7;29/05/2025;Hardware;0.63
Maria;Monitor 24;1863.78;Porto Alegre;SC;Cartão Débito;7;09/08/2025;Escritório;17.54
Bruno;Mouse Gamer;3985.91;São Paulo;SC;Cartão Crédito;3;05/02/2026;Escritório;12.05
João;Mouse Gamer;318.13;Curitiba;RS;Boleto;3;15/06/2025;Escritório;0.46
Carlos;Cadeira Gamer;4694.66;Porto Alegre;RS;Cartão Débito;7;10/11/2025;Escritório;3.32
Carlos;Placa de Vídeo;4471.77;São Paulo;RS;Boleto;2;15/01/2026;Periféricos;19.84
Fernanda;Headset;4367.21;Florianópolis;SC;Pix;10;05/11/2025;Periféricos;0.43
Ana;Microfone;1128.95;Porto Alegre;RS;Cartão Crédito;4;12/09/2025;Escritório;12.38
Lucas;Memória RAM;3429.94;Curitiba;SP;Cartão Crédito;10;05/02/2026;Hardware;11.87
Bruno;Microfone;3765.64;Curitiba;SP;Pix;7;14/11/2025;Periféricos;19.64
Lucas;Mouse Gamer;588.36;Curitiba;SP;Pix;7;26/08/2025;Escritório;0.31
Ana;Memória RAM;4649.87;Blumenau;PR;Cartão Crédito;7;01/05/2026;Escritório;1.73
Patrícia;Notebook;87.06;Florianópolis;SP;Boleto;6;12/06/2025;Periféricos;12.36
Ricardo;Cadeira Gamer;2249.21;Curitiba;SP;Pix;8;31/05/2025;Gamer;14.64
Carlos;Headset;2922.95;Florianópolis;RS;Boleto;6;13/08/2025;Periféricos;28.57
Fernanda;Fonte 650W;1495.66;Curitiba;SP;Cartão Débito;4;16/02/2026;Hardware;27.49
Ana;Teclado Mecânico;453.4;Blumenau;RS;Boleto;10;08/08/2025;Periféricos;24.47
João;Memória RAM;1857.11;São Paulo;SC;Cartão Crédito;5;30/10/2025;Hardware;0.96
Patrícia;Fonte 650W;1433.59;Curitiba;SC;Cartão Débito;2;24/08/2025;Gamer;7.65
Ricardo;Teclado Mecânico;2251.6;São Paulo;RS;Pix;6;16/05/2026;Periféricos;14.2
Ricardo;Placa de Vídeo;392.69;Blumenau;SC;Pix;8;06/11/2025;Periféricos;4.84
Juliana;Memória RAM;1993.69;Joinville;SC;Cartão Débito;1;20/05/2026;Gamer;13.5
Ricardo;Webcam;1417.99;Florianópolis;RS;Pix;1;22/10/2025;Periféricos;22.91
Patrícia;Cadeira Gamer;821.63;Curitiba;RS;Pix;9;29/10/2025;Escritório;10.11
Ana;Webcam;2529.43;Curitiba;SC;Pix;3;01/01/2026;Escritório;17.58
Pedro;Microfone;3932.36;Porto Alegre;SP;Boleto;7;27/03/2026;Hardware;8.35
Ricardo;Memória RAM;1381.32;Blumenau;PR;Boleto;9;18/02/2026;Hardware;21.16
Bruno;Microfone;259.27;São Paulo;SP;Cartão Crédito;4;15/09/2025;Hardware;28.59
Juliana;Memória RAM;2132.35;Joinville;PR;Pix;7;22/01/2026;Hardware;11.27
João;Cadeira Gamer;2603.31;São Paulo;RS;Boleto;9;05/04/2026;Periféricos;10.68
Ana;Fonte 650W;1256.64;Florianópolis;PR;Cartão Débito;9;22/01/2026;Periféricos;11.52
Bruno;Headset;3793.87;Blumenau;SP;Pix;9;09/01/2026;Escritório;6.82
Lucas;Memória RAM;3727.26;Florianópolis;RS;Cartão Débito;3;31/08/2025;Gamer;17.72
Maria;Fonte 650W;2900.67;Florianópolis;PR;Cartão Débito;8;12/04/2026;Periféricos;17.43
Camila;Fonte 650W;287.45;Blumenau;SC;Pix;5;20/01/2026;Gamer;2.9
Camila;Teclado Mecânico;609.8;Blumenau;RS;Boleto;8;24/09/2025;Hardware;26.12
João;SSD 1TB;2172.85;São Paulo;SP;Boleto;1;16/09/2025;Periféricos;11.71
Camila;Webcam;1428.04;São Paulo;SC;Cartão Débito;7;10/06/2025;Periféricos;0.09
Carlos;Headset;4417.91;Blumenau;RS;Pix;4;11/02/2026;Periféricos;13.22
Juliana;Cadeira Gamer;1018.71;Blumenau;RS;Cartão Crédito;7;09/11/2025;Gamer;4.16
Pedro;Notebook;4846.96;Porto Alegre;RS;Cartão Débito;4;08/05/2026;Hardware;17.47
Camila;Placa de Vídeo;2895.02;Joinville;SP;Boleto;10;04/02/2026;Hardware;5.4
Patrícia;Headset;560.48;Curitiba;RS;Cartão Débito;7;15/09/2025;Gamer;22.45
João;Placa de Vídeo;2661.21;Joinville;PR;Cartão Crédito;5;02/06/2025;Periféricos;13.21
Patrícia;Teclado Mecânico;1209.75;São Paulo;SC;Pix;10;05/06/2025;Hardware;20.92
Camila;SSD 1TB;1439.58;Joinville;RS;Cartão Débito;10;14/10/2025;Periféricos;12.8
Patrícia;Notebook;4819.14;Porto Alegre;SP;Boleto;10;03/11/2025;Hardware;21.48
Maria;Fonte 650W;2981.1;Blumenau;SC;Pix;7;21/07/2025;Periféricos;26.32
Maria;Teclado Mecânico;1364.29;Florianópolis;SC;Cartão Crédito;3;31/01/2026;Periféricos;10.52
Carlos;Monitor 24;1767.25;Florianópolis;PR;Cartão Débito;3;31/10/2025;Hardware;18.87
Bruno;SSD 1TB;4673.35;Florianópolis;SC;Boleto;7;30/11/2025;Hardware;17.41
Fernanda;Mouse Gamer;848.9;Florianópolis;PR;Pix;8;17/08/2025;Gamer;26.72
Pedro;SSD 1TB;4331.02;Porto Alegre;SC;Cartão Débito;1;10/05/2026;Hardware;19.37
Ana;Monitor 24;1427.76;Porto Alegre;SP;Cartão Débito;1;01/04/2026;Gamer;22.42
Bruno;Headset;3322.39;Blumenau;SP;Cartão Débito;4;29/10/2025;Hardware;3.61
Camila;Teclado Mecânico;905.76;Joinville;PR;Cartão Débito;7;27/03/2026;Gamer;19.78
Juliana;Cadeira Gamer;3538.98;Florianópolis;SP;Cartão Débito;2;28/06/2025;Gamer;14.73
João;Microfone;387.64;Porto Alegre;SP;Pix;1;20/05/2026;Gamer;2.7
Carlos;Placa de Vídeo;3512.21;São Paulo;PR;Pix;6;07/04/2026;Escritório;16.75
Pedro;Fonte 650W;1583.03;Porto Alegre;SP;Cartão Débito;8;02/07/2025;Periféricos;13.39
Carlos;Monitor 24;764.63;Porto Alegre;SC;Pix;7;15/07/2025;Gamer;13.98
Ana;Headset;2217.32;Florianópolis;SP;Cartão Débito;4;22/05/2026;Escritório;2.56
Pedro;Mouse Gamer;2129.44;São Paulo;SP;Cartão Débito;5;28/03/2026;Periféricos;29.52
Maria;Placa de Vídeo;2602.39;Blumenau;PR;Pix;1;04/01/2026;Escritório;13.95
Carlos;Cadeira Gamer;3325.82;Joinville;SC;Boleto;8;16/02/2026;Periféricos;5.22
Patrícia;Mouse Gamer;2481.17;São Paulo;PR;Cartão Débito;7;14/02/2026;Hardware;9.55
Carlos;Mouse Gamer;4099.64;Joinville;PR;Boleto;3;22/01/2026;Escritório;4.82
Ricardo;Headset;3070.84;Porto Alegre;RS;Cartão Crédito;1;27/12/2025;Hardware;15.39
Camila;Cadeira Gamer;936.26;Joinville;RS;Boleto;8;25/10/2025;Periféricos;1.8
Camila;Cadeira Gamer;2212.05;Porto Alegre;SP;Cartão Débito;1;01/12/2025;Hardware;24.23
Fernanda;Teclado Mecânico;2569.97;São Paulo;RS;Pix;5;07/05/2026;Hardware;2.63
Carlos;Teclado Mecânico;2785.48;Florianópolis;SC;Cartão Crédito;5;08/05/2026;Gamer;5.15
Fernanda;Monitor 24;3669.74;Porto Alegre;SC;Boleto;6;06/05/2026;Gamer;13.57
Lucas;Teclado Mecânico;466.57;Curitiba;RS;Pix;1;08/10/2025;Gamer;20.45
João;Headset;976.6;São Paulo;RS;Boleto;10;16/04/2026;Hardware;22.61
Lucas;Webcam;653.51;Blumenau;SC;Pix;4;11/08/2025;Hardware;20.46
Ricardo;Monitor 24;3662.67;São Paulo;SC;Cartão Débito;7;10/08/2025;Periféricos;13.45
Patrícia;Teclado Mecânico;867.43;Porto Alegre;RS;Boleto;10;16/06/2025;Periféricos;26.72
Maria;Monitor 24;1647.29;Joinville;RS;Boleto;6;25/09/2025;Periféricos;20.5
João;Microfone;4978.76;Joinville;RS;Cartão Débito;10;08/12/2025;Hardware;26.44
Juliana;Memória RAM;520.45;São Paulo;SC;Pix;10;24/07/2025;Escritório;2.25
Fernanda;Notebook;1688.36;Blumenau;SP;Cartão Débito;6;27/05/2026;Hardware;8.04
Camila;Webcam;4042.6;São Paulo;PR;Cartão Débito;1;27/06/2025;Hardware;3.58
João;Mouse Gamer;379.95;Blumenau;PR;Pix;9;21/06/2025;Escritório;6.84
Bruno;Notebook;4229.5;Blumenau;SP;Pix;5;17/06/2025;Periféricos;11.54
Ana;SSD 1TB;998.91;São Paulo;SP;Boleto;10;01/01/2026;Periféricos;8.27
Bruno;Microfone;3872.13;Joinville;PR;Boleto;6;13/08/2025;Periféricos;1.59
Fernanda;SSD 1TB;898.91;Porto Alegre;RS;Cartão Crédito;5;13/02/2026;Hardware;4.45
Ana;Cadeira Gamer;753.26;Florianópolis;SC;Cartão Crédito;1;31/05/2025;Gamer;3.41
Patrícia;Memória RAM;3908.38;Blumenau;SC;Pix;3;03/04/2026;Gamer;5.16
Camila;Fonte 650W;2703.22;Joinville;PR;Cartão Débito;7;08/01/2026;Escritório;24.95
Lucas;Placa de Vídeo;2326.51;Joinville;SC;Cartão Débito;1;25/06/2025;Escritório;4.73
Carlos;Cadeira Gamer;3669.39;Joinville;SC;Cartão Crédito;7;10/05/2026;Hardware;16.61
Carlos;Webcam;3661.7;Curitiba;PR;Cartão Crédito;5;29/08/2025;Hardware;5.24
João;Mouse Gamer;2848.84;Porto Alegre;SP;Boleto;5;18/02/2026;Periféricos;20.23
Ricardo;Microfone;3411.61;Porto Alegre;SP;Pix;6;02/04/2026;Periféricos;11.76
Pedro;Monitor 24;696.59;Porto Alegre;PR;Cartão Débito;7;17/11/2025;Periféricos;10.79
Ana;Webcam;3543.76;São Paulo;SP;Cartão Crédito;4;03/03/2026;Gamer;29.73
Ricardo;Headset;1810.89;Joinville;SC;Pix;8;17/10/2025;Gamer;28.62
Maria;Headset;2916.92;Florianópolis;RS;Cartão Débito;4;31/05/2025;Escritório;26.29
Ana;Notebook;3142.9;Porto Alegre;RS;Pix;5;01/05/2026;Gamer;18.59
Lucas;Monitor 24;4411.97;São Paulo;PR;Pix;1;21/10/2025;Gamer;14.89
Juliana;Headset;763.27;Florianópolis;SP;Boleto;10;31/08/2025;Hardware;3.74
Lucas;Microfone;4628.48;Porto Alegre;SP;Boleto;5;17/03/2026;Periféricos;9.41
Carlos;Fonte 650W;3681.44;Porto Alegre;SC;Cartão Crédito;8;29/11/2025;Hardware;8.43
João;Monitor 24;3676.27;São Paulo;SC;Boleto;7;15/12/2025;Escritório;8.46
Carlos;Memória RAM;1313.07;Curitiba;SC;Cartão Crédito;8;23/11/2025;Hardware;12.19
Fernanda;Teclado Mecânico;2214.25;Porto Alegre;SP;Cartão Crédito;10;16/01/2026;Escritório;20.51
Camila;Headset;711.01;Joinville;SP;Cartão Débito;3;29/03/2026;Periféricos;26.53
Carlos;Mouse Gamer;934.48;Curitiba;PR;Boleto;9;25/06/2025;Periféricos;28.09
Ana;Headset;460.37;Joinville;SP;Cartão Crédito;7;06/12/2025;Periféricos;11.93
João;Headset;936.46;Curitiba;RS;Boleto;8;06/10/2025;Escritório;24.55
Maria;Notebook;103.27;Curitiba;SC;Boleto;7;24/04/2026;Gamer;2.26
Fernanda;Fonte 650W;1352.07;Florianópolis;SP;Cartão Crédito;4;28/04/2026;Escritório;4.66
Juliana;Monitor 24;1900.34;Porto Alegre;SC;Boleto;10;07/10/2025;Gamer;25.5
Fernanda;Cadeira Gamer;4502.54;São Paulo;SP;Boleto;10;02/11/2025;Hardware;0.63
Patrícia;Mouse Gamer;2410.42;Blumenau;SC;Boleto;4;08/12/2025;Gamer;27.35
Bruno;Teclado Mecânico;778.27;Joinville;PR;Cartão Débito;6;01/09/2025;Gamer;28.3
Camila;Fonte 650W;532.0;Florianópolis;RS;Cartão Crédito;4;18/02/2026;Hardware;9.66
João;SSD 1TB;1449.29;Blumenau;RS;Pix;5;19/04/2026;Hardware;26.34
Ricardo;Microfone;1031.53;Blumenau;PR;Cartão Crédito;8;02/12/2025;Gamer;18.12
João;Cadeira Gamer;2151.14;Curitiba;SP;Pix;5;03/10/2025;Gamer;2.73
Maria;Fonte 650W;2454.59;Porto Alegre;SP;Cartão Crédito;10;18/05/2026;Periféricos;28.78
Fernanda;Placa de Vídeo;170.36;Joinville;PR;Cartão Débito;7;19/04/2026;Escritório;14.86
Maria;Fonte 650W;2798.29;Curitiba;RS;Cartão Débito;8;25/06/2025;Escritório;24.08
João;SSD 1TB;1114.08;São Paulo;SP;Pix;2;18/06/2025;Periféricos;6.24
Juliana;Microfone;4626.85;Joinville;SC;Cartão Crédito;8;14/09/2025;Hardware;22.48
Patrícia;Headset;3973.88;Blumenau;SP;Cartão Débito;1;07/11/2025;Escritório;24.82
Juliana;SSD 1TB;3874.88;Curitiba;PR;Cartão Débito;1;06/02/2026;Escritório;21.32
João;Notebook;913.0;São Paulo;SP;Pix;5;03/03/2026;Periféricos;17.83
João;Webcam;1669.61;Joinville;RS;Cartão Débito;1;27/05/2026;Hardware;22.64
Camila;Placa de Vídeo;4698.95;Florianópolis;RS;Pix;5;08/07/2025;Hardware;7.92
Lucas;Cadeira Gamer;3825.5;Curitiba;SC;Boleto;8;16/02/2026;Periféricos;17.57
Fernanda;Mouse Gamer;1893.2;Joinville;RS;Pix;6;20/04/2026;Periféricos;16.8
Fernanda;Teclado Mecânico;4360.53;Porto Alegre;RS;Boleto;6;06/11/2025;Periféricos;8.27
Juliana;Notebook;4394.51;Curitiba;RS;Cartão Débito;5;23/04/2026;Hardware;21.13
Fernanda;Headset;4232.51;Curitiba;SP;Pix;8;03/02/2026;Gamer;24.61
Fernanda;Webcam;180.44;Porto Alegre;RS;Cartão Débito;8;01/01/2026;Periféricos;12.16
Carlos;Microfone;1448.2;Florianópolis;PR;Cartão Crédito;7;11/11/2025;Hardware;26.83
Patrícia;Mouse Gamer;3108.26;Curitiba;SP;Pix;5;16/03/2026;Hardware;2.9
João;Fonte 650W;528.29;São Paulo;RS;Pix;1;21/07/2025;Periféricos;28.93
Pedro;Fonte 650W;4124.16;São Paulo;SC;Cartão Débito;5;18/08/2025;Periféricos;19.85
Juliana;SSD 1TB;1114.84;São Paulo;SP;Cartão Débito;2;30/10/2025;Escritório;9.2
Carlos;Placa de Vídeo;2283.43;Joinville;SC;Boleto;4;25/11/2025;Gamer;11.23
João;Fonte 650W;954.29;Curitiba;SP;Cartão Débito;10;08/02/2026;Gamer;29.32
Camila;Teclado Mecânico;3891.1;Florianópolis;RS;Boleto;4;26/04/2026;Escritório;13.79
Lucas;Cadeira Gamer;895.06;Porto Alegre;RS;Boleto;4;30/12/2025;Periféricos;21.15
Camila;Placa de Vídeo;4543.4;Blumenau;SC;Boleto;4;18/10/2025;Gamer;16.07
Fernanda;Microfone;1071.03;São Paulo;SC;Cartão Crédito;9;12/06/2025;Periféricos;1.14
Lucas;Webcam;425.48;Florianópolis;SC;Pix;9;29/12/2025;Gamer;10.52
Pedro;Microfone;421.24;Curitiba;SP;Cartão Débito;1;03/01/2026;Escritório;4.69
Lucas;Webcam;4703.51;São Paulo;SP;Boleto;8;15/05/2026;Escritório;22.03
Carlos;Cadeira Gamer;3394.04;São Paulo;SP;Pix;10;28/04/2026;Gamer;3.36
Lucas;Monitor 24;2042.27;São Paulo;SP;Pix;7;25/06/2025;Escritório;2.48
Pedro;SSD 1TB;3716.47;Blumenau;PR;Boleto;3;11/09/2025;Escritório;10.79
Carlos;Monitor 24;1769.88;Curitiba;RS;Cartão Débito;9;19/06/2025;Hardware;29.48
Camila;Cadeira Gamer;2426.21;Joinville;SP;Boleto;10;14/06/2025;Gamer;28.36
Lucas;Fonte 650W;4383.84;São Paulo;SC;Boleto;3;10/09/2025;Periféricos;23.65
Ricardo;Placa de Vídeo;3883.53;Curitiba;PR;Cartão Crédito;7;26/09/2025;Hardware;12.43
Ana;Microfone;2625.87;Joinville;SP;Cartão Crédito;4;21/09/2025;Gamer;20.24
Lucas;Headset;4440.37;Porto Alegre;RS;Cartão Débito;2;20/09/2025;Escritório;20.78
Ana;Memória RAM;4855.67;Blumenau;RS;Pix;3;30/04/2026;Escritório;3.07
João;Fonte 650W;4907.18;Curitiba;RS;Cartão Crédito;4;10/07/2025;Periféricos;14.93
Patrícia;Fonte 650W;1853.17;Florianópolis;RS;Cartão Débito;10;02/04/2026;Hardware;28.99
Camila;Headset;3828.25;São Paulo;SP;Cartão Crédito;4;20/10/2025;Periféricos;22.54
Bruno;Memória RAM;2423.97;Joinville;SP;Pix;5;27/08/2025;Escritório;22.93
Fernanda;Microfone;3539.44;Blumenau;RS;Cartão Crédito;10;15/09/2025;Escritório;8.9
Maria;Webcam;2759.2;Curitiba;SP;Boleto;10;21/09/2025;Hardware;6.9
Fernanda;Headset;1504.31;São Paulo;SP;Pix;3;24/12/2025;Hardware;10.87
Ricardo;SSD 1TB;2352.96;Curitiba;SP;Pix;9;01/07/2025;Gamer;17.26
Patrícia;Monitor 24;3437.04;Joinville;PR;Pix;2;06/12/2025;Hardware;0.56
Bruno;Mouse Gamer;1203.28;São Paulo;PR;Cartão Crédito;1;21/03/2026;Gamer;6.02
Ana;Fonte 650W;2732.55;Joinville;SC;Pix;5;30/07/2025;Periféricos;14.47
Ricardo;Notebook;4159.86;Joinville;PR;Cartão Crédito;8;04/09/2025;Gamer;21.84
Patrícia;Microfone;4673.9;Joinville;SP;Boleto;5;30/11/2025;Periféricos;26.34
Juliana;Fonte 650W;2687.83;Blumenau;PR;Cartão Débito;9;05/01/2026;Hardware;29.04
